key,desc,supplier,part_no,url,qty,unit,current_low,current_high,new_low,new_high,checked_date,note
cam-lever-clamp,Cam-lever spring clamp,McMaster-Carr,,,92,ea,3,8,,,,
dibond-acm-film,Dibond ACM panel 4mm,Grimco,,,6,sheet,85,85,,,,
acme-leadscrew,"Acme leadscrew ¾""-6",Roton Products,6289K36,https://www.mcmaster.com/6289K36,4,ea,95,95,,,,
light-sealing-mat,Light-sealing materials (interior conversion),McMaster-Carr,,,1,lot,150,210,,,,
crossslide-hgr15,Cross-slide rail HGR15 (Option A),Automation Overstock,,,8,ea,25,25,,,,
hgr20-rail,Linear guide rail HGR20,Automation Overstock,5901T777,,4,ea,45,45,,,,
rod-end-bearing,Rod-end spherical bearing,McMaster-Carr,60645K73,https://www.mcmaster.com/60645K73,8,ea,22,22,,,,
sp-wall-stays,Top + bottom wall stays + 4-bolt anchor plates,McMaster-Carr,,,2,set,45,80,,,,
walkway-m12-bolts,M12×80mm through-bolt kit,McMaster-Carr,,,58,ea,1.5,2.5,,,,
hgh20ca-carriage,Rail carriage HGH20CA,Automation Overstock,,,8,ea,18,18,,,,
handwheel-8in,"Handwheel 8"" dia",Grainger,6440K64,https://www.mcmaster.com/6440K64,4,ea,35,35,,,,
panel-epdm-gasket,"20mm EPDM gasket (per meter, closed-cell)",McMaster-Carr,,,21,m,4,6,,,,
bulkhead-2in,"Bulkhead fitting 2"" NPT (304 SS)",McMaster-Carr,4464K115,https://www.mcmaster.com/4464K115,3,ea,25,40,,,,
sp-sleeve-bearings,"Flanged sleeve (journal) bearing, Ø90 bore",McMaster-Carr,,,2,ea,30,55,,,,
crossslide-hgh15ca,Cross-slide carriage HGH15CA (Option A),Automation Overstock,,,8,ea,12,12,,,,
epdm-foam-tape,"Black EPDM foam tape 1""×½""",McMaster-Carr,8614K84,https://www.mcmaster.com/8614K84,3,roll,28,28,,,,
ibcf-dring,25mm welded D-ring,McMaster-Carr,3641T29,,8,ea,5,8.75,,,,
saddle-m12-bolt,"M12×90mm hex through-bolt + nut + washers, SS",McMaster-Carr,,,28,ea,2.5,2.5,,,,
pivot-pin,Pivot pin SS316,McMaster-Carr,,,8,ea,8,8,,,,
ibcf-floor-anchor,"M12 floor anchor (wedge/sleeve, container floor)",McMaster-Carr,,,16,ea,1.875,3.75,,,,
ll-wiper-seal,Felt/brush wiper strip + 12mm closed-cell neoprene,McMaster-Carr,,,1,lot,40,60,,,,
ll-fasteners,Stainless fasteners + nylon isolation washers,McMaster-Carr,,,1,lot,30,50,,,,
walkway-throughbolts,M12 through-bolt kit (right walkway),McMaster-Carr,,,24,ea,1.25,2.0833,,,,
acme-nut,"Acme nut bronze ¾""-6",Roton Products,6289K512,https://www.mcmaster.com/6289K512,4,ea,12,12,,,,
locking-collar,Locking collar SS316,McMaster-Carr,6436K12,https://www.mcmaster.com/6436K12,4,ea,12,12,,,,
clamp-m5-bolt,M5×16 SS socket head bolt,McMaster-Carr,91292A128,,184,ea,0.25,0.25,,,,
walkway-floor-anchors,M10 wedge floor anchors,McMaster-Carr,,,20,ea,1.25,2.25,,,,
pvc-trunking,"40×25mm PVC cable trunking, 5m",McMaster-Carr,,,4,ea,10,10,,,,
panel-grab-handle,"316 SS D-grab pull handle (~300mm) + 2× M8 SS bolts + backing plate, matte-black",McMaster-Carr,,,1,ea,20,35,,,,
filter-ubracket,Steel U-bracket (filter housing),McMaster-Carr,,,3,ea,7,10,,,,
corrugated-conduit,"10mm corrugated conduit, drop runs (McMaster 7828K48)",McMaster-Carr,7828K48,https://www.mcmaster.com/7828K48,10,m,3,3,,,,
ll-grab-rail,100mm Ø SS grab rail,McMaster-Carr,,,1,ea,15,25,,,,
filter-hdpe-spacer,HDPE spacer blocks 25mm (filter skid),McMaster-Carr,,,1,lot,12,22,,,,
ibcf-m12-bolt,"M12 × 40 bolt, Grade 8.8",McMaster-Carr,,,12,ea,1,1.83333,,,,
tray-silicone-gasket,Silicone gasket strip,McMaster-Carr,,,1,ea,20,20,,,,
spray-skate-wheel,"Acetal (Delrin) roller wheel, Ø32 × 20mm, Ø10 plain bore",McMaster-Carr,,https://www.mcmaster.com/products/acetal-round-stock/,4,ea,3,5,,,,
shelf-piano-hinge,"Continuous (piano) hinge, 600 mm",McMaster-Carr,,,1,ea,20,20,,,,
saddle-m8-hex,"M8 hex fixing bolt + nut, SS",McMaster-Carr,,,8,ea,2,2,,,,
cable-grommets,Cable grommets / glands — steel-shell penetrations,McMaster-Carr,,,1,lot,15,15,,,,
clamp-neoprene,Neoprene strip 60A,McMaster-Carr,8614K44,https://www.mcmaster.com/8614K44,1,roll,15,15,,,,
ll-silicone-sealant,"Silicone bead sealant (black, UV-stable)",McMaster-Carr,,,1,ea,10,15,,,,
clamp-m5-nut,M5 SS Nylock nut,McMaster-Carr,93625A200,,184,ea,0.08,0.08,,,,
tray-m6-bolts,M6 SS hex bolts + flange nuts,McMaster-Carr,,,12,ea,1,1,,,,
shelf-m8-bolts,M8 wall bolts + washers/nuts,McMaster-Carr,,,12,ea,1,1,,,,
spray-saddle-clamp,Formed 2mm 304 SS saddle clamp (axle retainer),McMaster-Carr,,https://www.mcmaster.com/products/multipurpose-304-stainless-steel/,8,ea,1.25,1.25,,,,
spray-beam-clamp,SS beam clamp plates (top + bottom) + spacers (25mm),McMaster-Carr,,,4,ea,2.5,2.5,,,,
spray-m6-bolts,M6×20 SS bolts + nyloc nuts,McMaster-Carr,,,16,ea,0.4375,0.4375,,,,
power-panel-gasket,Neoprene gasket 340×240×3mm (panel weatherseal),McMaster-Carr,,,1,ea,6,6,,,,
spray-self-tap,Self-tapping SS screws (8-pack),McMaster-Carr,,,4,ea,1.25,1.25,,,,
power-panel-bolts,"M6 bolt+nut+washer set, SS (panel mount)",McMaster-Carr,,,4,set,1.25,1.25,,,,
shelf-csk-screws,M5×16 mm CSK screws,McMaster-Carr,,,8,ea,0.5,0.5,,,,
spray-pinch-bolt,M6 SS hex bolt + nut,McMaster-Carr,,,1,ea,1,1,,,,
